,Grouping,Block,Sector,Row,Col,Positivity
0,TFL,D,1,3,6,0.005962405725750921
1,XTRFL,A,1,6,7,0.11010433634960934
2,TFL,D,1,5,1,0.035593502958816345
3,TFL,E,1,2,1,0.03640664860063966
4,XTRFL,C,1,9,3,0.02116235528148593
5,TFL,B,1,6,10,0.009783651643479387
6,TFL,H,1,3,4,0.01430857886174978
7,XTRFL,A,1,5,4,0.0298687531323641
8,TFL,A,1,3,6,0.03875305967778882
9,TFL,C,1,3,11,0.015159554193305308
10,TFL,E,1,4,6,0.02680589418698355
11,TFL,G,1,3,9,0.01804780558666141
12,XTRFL,A,1,1,6,0.0
13,TFL,H,1,3,9,0.01315286380663602
14,TFL,A,1,7,1,0.0694473631625047
15,TFL,D,1,1,8,0.0
16,TFL,C,1,4,4,0.002743378975601376
17,TFL,H,1,3,3,0.02214601213677078
18,TFL,E,1,1,12,0.0
19,XTRFL,C,1,5,7,0.020628285661731006
20,TFL,A,1,2,3,0.0016178262504515269
21,TFL,E,1,7,9,0.015672811623515772
22,TFL,D,1,1,4,0.0018709337152765732
23,TFL,E,1,9,7,0.0054616204185150554
24,TFL,A,1,4,4,0.02709783789166976
25,XTRFL,B,1,7,12,0.05910394198356727
26,TFL,C,1,8,8,0.017152356152352
27,TFL,C,1,9,8,0.013895821241161033
28,TFL,E,1,5,8,0.006940004238420905
29,XTRFL,C,1,4,8,0.044697154496566756
30,TFL,B,1,3,3,0.004769515878017586
31,TFL,C,1,9,9,0.008708890873013426
32,TFL,B,1,7,3,0.03304766176989407
33,XTRFL,C,1,9,1,0.02806734175994974
34,TFL,B,1,4,9,0.04938167850764856
35,TFL,A,1,4,11,0.05896171148536796
36,XTRFL,B,1,6,6,0.03151462104009111
37,TFL,D,1,8,12,0.0075246377148757634
38,TFL,A,1,6,10,0.020658239173014258
39,TFL,D,1,7,6,0.004571775152965614
40,TFL,F,1,7,9,0.007768004810095588
41,TFL,G,1,1,6,0.0
42,XTRFL,B,1,2,7,0.03737296693309337
43,TFL,G,1,1,3,0.0007698557526249362
44,TFL,C,1,2,9,0.0359216514510583
45,XTRFL,C,1,2,1,0.05292149510243087
46,TFL,C,1,4,2,0.01878584604999013
47,TFL,D,1,8,5,0.013937658389589255
48,TFL,G,1,7,1,0.0
49,TFL,C,1,9,5,0.009839259162792305
50,TFL,G,1,1,2,0.018083087891168283
51,TFL,F,1,3,3,0.0889737223353945
52,TFL,C,1,5,3,0.007718799599198544
53,XTRFL,A,1,8,9,0.08271193753246386
54,XTRFL,B,1,4,3,0.021429655527691497
55,XTRFL,C,1,1,1,0.014297578258436854
56,TFL,H,1,1,2,0.012092269794443462
57,XTRFL,C,1,4,12,0.0393684930882936
58,XTRFL,A,1,3,10,0.017613226244825374
59,TFL,A,1,4,5,0.030217970972196338
60,XTRFL,B,1,1,4,0.00124321443979704
61,TFL,B,1,1,10,0.0
62,TFL,A,1,7,11,0.02970472393424553
63,XTRFL,B,1,1,7,1.3766801930483188e-05
64,XTRFL,B,1,8,8,0.004775218851940236
65,XTRFL,A,1,9,12,0.06015663483371661
66,TFL,E,1,2,8,0.018976832065299504
67,XTRFL,B,1,9,7,0.022473757671326235
68,TFL,F,1,8,9,0.0192942567028906
69,TFL,A,1,1,12,1.163722200767198e-05
70,TFL,E,1,8,4,0.05447793381757829
71,TFL,A,1,3,3,0.0038337474106523543
72,TFL,G,1,1,12,0.0
73,TFL,B,1,4,10,0.027985910063391854
74,XTRFL,B,1,4,10,0.011282814782956476
75,TFL,B,1,6,12,0.0011631225011724466
76,TFL,C,1,7,11,0.013485844923706813
77,XTRFL,A,1,3,6,0.017186870838985523
78,XTRFL,C,1,6,12,0.02505075980816312
79,TFL,H,1,2,7,0.006211928387384339
80,TFL,D,1,4,12,0.02709746558031236
81,TFL,E,1,7,12,0.04938039295586275
82,TFL,E,1,2,11,0.054927124812568215
83,TFL,D,1,5,5,0.012404831712858255
84,TFL,G,1,4,6,0.002262063094768796
85,TFL,C,1,6,1,0.04389246123817416
86,XTRFL,A,1,1,9,0.0
87,XTRFL,C,1,1,7,1.0947094322203158e-05
88,TFL,F,1,1,5,0.0
89,TFL,E,1,8,5,0.0005721485239032072
90,XTRFL,B,1,6,11,0.05004540042070845
91,XTRFL,B,1,9,4,0.028233326859111518
92,TFL,A,1,3,10,0.043514084935540195
93,XTRFL,A,1,5,2,0.01737315339757054
94,TFL,G,1,1,8,0.0
95,XTRFL,C,1,3,10,0.06960133553446586
96,XTRFL,B,1,3,6,0.023427847195563293
97,XTRFL,C,1,3,12,0.02241687166975555
98,TFL,H,1,2,3,0.016465996656020297
99,TFL,F,1,1,4,0.00755537068860185
100,TFL,D,1,2,10,0.003099558762274481
101,TFL,E,1,5,12,0.03676137620813509
102,XTRFL,C,1,7,10,0.038578472577710854
103,XTRFL,B,1,4,6,0.01229458966084713
104,TFL,E,1,5,5,0.03154433795454168
105,XTRFL,C,1,1,6,3.437783707344365e-05
106,XTRFL,B,1,4,8,0.03870341494550998
107,TFL,E,1,4,11,0.05032068874947046
108,XTRFL,A,1,5,3,0.03373713924710428
109,TFL,B,1,6,5,0.04805488827032384
110,TFL,E,1,1,9,0.0
111,TFL,D,1,7,4,0.061129000907399776
112,TFL,G,1,6,10,0.00389474469465715
113,TFL,A,1,5,5,0.017849380793523658
114,TFL,F,1,5,3,0.005516802347736191
115,TFL,H,1,1,9,0.0
116,TFL,E,1,4,9,0.025160021745121636
117,TFL,C,1,2,5,0.05013533355422496
118,TFL,D,1,5,3,0.04585496430961685
119,XTRFL,C,1,3,2,0.06468846351982956
120,TFL,B,1,5,7,0.030691330161085943
121,XTRFL,A,1,7,10,0.03446888595964845
122,XTRFL,C,1,8,3,0.023292440612258592
123,TFL,B,1,2,6,0.035112078832962246
124,TFL,C,1,6,11,0.010562035325649538
125,XTRFL,B,1,3,4,0.004050440492511569
126,TFL,F,1,2,6,0.04269217641235634
127,XTRFL,A,1,1,1,0.002795535990084373
128,TFL,B,1,4,8,0.0009559113928012655
129,XTRFL,C,1,6,1,0.020291552037409243
130,TFL,A,1,5,8,0.002640544917496876
131,TFL,A,1,7,2,0.06432565620927097
132,XTRFL,A,1,7,5,0.007726211336538483
133,TFL,F,1,2,5,0.04236673067972693
134,TFL,E,1,8,3,0.041412341437625406
135,TFL,E,1,3,5,0.04982765726769187
136,TFL,H,1,1,10,0.0
137,TFL,C,1,1,10,4.67967904852911e-06
138,XTRFL,B,1,3,11,0.01573602299728171
139,TFL,C,1,4,11,0.03110942876695308
140,TFL,C,1,8,9,0.0341364877566321
141,TFL,E,1,3,6,0.048284674510866765
142,TFL,H,1,2,5,0.06056489304426763
143,XTRFL,B,1,1,5,3.2517603015191175e-06
144,TFL,E,1,1,2,0.004000118185704636
145,TFL,G,1,2,12,0.04107949818191461
146,TFL,F,1,2,12,0.021181625791765402
147,TFL,F,1,2,4,0.015698756585031785
148,TFL,E,1,4,1,0.030042347011839766
149,TFL,E,1,6,12,0.0568815352228964
150,TFL,C,1,3,9,0.0023865169240620964
151,TFL,F,1,9,4,0.023052864326301287
152,TFL,B,1,5,9,0.01401400519439572
153,XTRFL,C,1,5,10,0.014864848092643693
154,XTRFL,C,1,5,2,0.033994198635017125
155,TFL,F,1,8,3,0.011821497167527228
156,TFL,B,1,3,8,0.0020500501116267203
157,TFL,D,1,2,9,0.003833817126880695
158,TFL,B,1,1,9,0.0
159,TFL,F,1,9,8,0.03313762451432027
160,TFL,E,1,1,6,0.015750793181268534
161,TFL,B,1,4,4,0.019909878813303222
162,TFL,D,1,3,11,0.018113442596059893
163,XTRFL,C,1,1,2,0.012560721723633617
164,XTRFL,C,1,5,5,0.02561779708979126
165,TFL,E,1,4,2,0.03615096760220817
166,TFL,C,1,5,10,0.017201829995904486
167,TFL,G,1,6,8,0.00042552751828073336
168,TFL,G,1,4,12,0.07965118163675534
169,XTRFL,A,1,1,11,0.0
170,TFL,F,1,8,7,0.010447979571813672
171,TFL,B,1,5,2,0.02459713982960931
172,TFL,G,1,3,2,0.008180963666385517
173,TFL,F,1,8,11,0.03319128299639676
174,XTRFL,A,1,1,10,0.0
175,TFL,E,1,7,7,0.015995374916260456
176,XTRFL,A,1,5,6,0.029413023655935476
177,TFL,E,1,8,1,0.014109405922877205
178,TFL,B,1,5,10,0.01654998470835785
179,TFL,E,1,9,6,0.0019899098479800267
180,TFL,H,1,1,5,0.0
181,TFL,D,1,2,11,0.02973537601650258
182,TFL,D,1,3,12,0.01590498220951083
183,TFL,F,1,1,1,0.0059592065560754495
184,TFL,E,1,5,11,0.014966066541400454
185,TFL,C,1,5,6,0.0011942586564918287
186,XTRFL,C,1,4,2,0.047677569698005594
187,TFL,C,1,4,1,0.014458897095199921
188,TFL,C,1,1,8,0.0001025380067303789
189,TFL,G,1,3,5,0.04336549548976902
190,TFL,B,1,7,2,0.005910152983721564
191,TFL,B,1,6,2,0.007431665619937179
192,TFL,A,1,6,7,0.004743888702905131
193,TFL,D,1,9,3,0.033126034486724805
194,XTRFL,B,1,7,7,0.005065992166636511
195,TFL,E,1,2,7,0.014604347047542605
196,TFL,A,1,8,1,0.0754056242219559
197,XTRFL,B,1,8,3,0.03682046022412516
198,TFL,G,1,7,4,0.0
199,TFL,C,1,1,9,0.0
200,TFL,B,1,9,1,0.005401129957509173
201,TFL,C,1,4,9,0.012803477553028195
202,TFL,C,1,3,6,0.0028794640177265303
203,TFL,E,1,9,10,0.009758268559485637
204,TFL,D,1,5,8,0.017468559793100948
205,XTRFL,C,1,8,1,0.005317132157291536
206,TFL,D,1,8,4,0.012979929935223714
207,TFL,D,1,5,11,0.020546229016297237
208,TFL,B,1,8,9,0.011779867008735298
209,XTRFL,B,1,7,6,0.023180188441041374
210,TFL,B,1,7,11,0.020607916574957127
211,XTRFL,A,1,9,2,0.02447022462640326
212,TFL,D,1,1,11,0.0
213,TFL,E,1,8,2,0.010451231803565579
214,TFL,F,1,2,11,0.029218273707300266
215,TFL,G,1,5,2,0.03631031953837176
216,TFL,A,1,4,3,0.04955544001475445
217,XTRFL,B,1,7,1,0.04074441451293283
218,XTRFL,A,1,3,5,0.025914594369252926
219,TFL,G,1,5,9,0.009545511780029863
220,TFL,F,1,2,3,0.020527212247254678
221,TFL,E,1,9,12,0.0005461412622410616
222,XTRFL,B,1,4,12,0.029623834287654194
223,XTRFL,B,1,1,8,4.696136850803559e-06
224,TFL,E,1,7,10,0.014470300399117425
225,TFL,D,1,5,9,0.03555874621258105
226,TFL,B,1,8,7,0.012023017109533145
227,TFL,A,1,6,5,0.04549797442746134
228,XTRFL,C,1,5,3,0.019362125774740557
229,XTRFL,C,1,9,12,0.03921334653729438
230,TFL,D,1,7,2,0.003388196658511573
231,TFL,D,1,4,3,0.013006724385301266
232,TFL,B,1,3,11,0.01995261447412797
233,TFL,B,1,2,1,0.02706586814992658
234,TFL,C,1,3,12,0.015709843432447575
235,TFL,G,1,3,6,0.0456504431373947
236,TFL,E,1,9,8,0.02540389607288551
237,XTRFL,B,1,9,11,0.0227973872757637
238,TFL,G,1,7,5,0.0
239,TFL,B,1,7,1,0.011526813563449497
240,TFL,F,1,3,10,0.02074388427145004
241,XTRFL,C,1,3,8,0.03235895522809859
242,TFL,B,1,2,3,0.0084119143828134
243,XTRFL,B,1,2,8,0.021698837087815018
244,TFL,C,1,2,11,0.02854833575658751
245,TFL,C,1,8,6,0.032353100318811986
246,TFL,H,1,1,12,0.0
247,XTRFL,A,1,1,4,0.0006191980259858077
248,XTRFL,B,1,4,5,0.016087127968295013
249,TFL,C,1,3,7,0.04911444309509639
250,TFL,B,1,7,4,0.0368179012208899
251,XTRFL,B,1,3,1,0.015545139358487505
252,XTRFL,A,1,7,4,0.05034451549130616
253,XTRFL,A,1,4,6,0.024114972749470078
254,XTRFL,A,1,9,1,0.02815009835678516
255,TFL,B,1,5,5,0.002566398637449552
256,XTRFL,C,1,2,4,0.0583685756807345
257,TFL,B,1,5,8,0.03741620756706603
258,TFL,C,1,8,12,0.04127834229341629
259,TFL,E,1,5,7,0.01247695253710497
260,TFL,F,1,2,10,0.001149016240281903
261,TFL,A,1,2,7,0.007375420246480965
262,TFL,H,1,1,11,2.6034953338486326e-06
263,XTRFL,B,1,5,1,0.016399633164999837
264,TFL,C,1,8,7,0.011628335319557166
265,TFL,A,1,9,10,0.0013854536929962143
266,XTRFL,A,1,4,7,0.02836123263112409
267,XTRFL,B,1,3,7,0.01716110220539147
268,TFL,D,1,5,10,0.0402830979649115
269,XTRFL,A,1,4,9,0.02496451570235203
270,XTRFL,A,1,4,12,0.02917810465071104
271,TFL,C,1,5,12,0.00817845448240925
272,TFL,F,1,7,12,0.003993351719644041
273,XTRFL,B,1,1,1,0.004696991573218716
274,XTRFL,A,1,2,1,0.040114980424220126
275,XTRFL,B,1,3,12,0.02157497544828798
276,TFL,A,1,3,5,0.05430255059973674
277,TFL,H,1,1,6,0.0
278,TFL,H,1,2,6,0.06129582006185308
279,TFL,C,1,6,5,0.016778953293403197
280,TFL,B,1,8,6,0.022332357251508433
281,TFL,G,1,7,12,0.05063327873003635
282,XTRFL,A,1,9,7,0.02791279351093544
283,XTRFL,A,1,2,3,0.009292769700666706
284,TFL,A,1,1,1,0.013249907452206347
285,XTRFL,A,1,3,1,0.002588347915047149
286,TFL,B,1,2,5,0.0301832429430255
287,TFL,B,1,2,8,0.007532143250779799
288,TFL,B,1,7,5,0.05536807982472211
289,XTRFL,A,1,2,12,0.0014480394069357723
290,XTRFL,B,1,1,10,0.0
291,TFL,F,1,3,8,0.0481031361951384
292,TFL,C,1,6,12,0.006319596014742592
293,TFL,A,1,5,4,0.0065114112071863375
294,TFL,A,1,6,11,0.003969454893780866
295,TFL,G,1,6,9,0.003653885936818703
296,TFL,G,1,1,1,0.01217816492532592
297,TFL,E,1,4,8,0.028725783220131015
298,XTRFL,C,1,9,8,0.02174766206430216
299,XTRFL,C,1,6,7,0.0342633550302608
300,XTRFL,C,1,5,8,0.0337357653883805
301,XTRFL,B,1,6,1,0.010098904464867001
302,TFL,H,1,3,2,0.011855956199552212
303,TFL,G,1,7,8,0.0
304,TFL,D,1,1,2,0.0031133525611248113
305,TFL,C,1,5,11,0.0037002296303043254
306,XTRFL,C,1,4,11,0.034416089409208095
307,TFL,F,1,8,4,0.01872790084614883
308,XTRFL,C,1,9,7,0.018846245044484816
309,TFL,B,1,7,6,0.04581165245758379
310,TFL,H,1,4,12,0.0
311,XTRFL,A,1,8,12,0.01685732419692723
312,TFL,F,1,2,1,0.06905805212416337
313,TFL,B,1,1,6,0.0
314,TFL,C,1,4,7,0.0011069783426547364
315,TFL,H,1,3,5,0.002156003530525415
316,TFL,A,1,2,1,0.032785157472553304
317,TFL,G,1,6,11,0.06235668774088881
318,TFL,E,1,1,7,9.995937653815482e-06
319,TFL,A,1,3,11,0.00417967681341482
320,TFL,G,1,5,1,0.03203235979832214
321,TFL,A,1,9,2,0.008475240910553822
322,TFL,D,1,6,5,0.018972726238552735
323,TFL,H,1,1,4,0.043297704739770695
324,XTRFL,C,1,3,4,0.02936123438821132
325,TFL,F,1,8,10,0.013671620760252034
326,XTRFL,C,1,6,5,0.012361961963430961
327,TFL,B,1,7,9,0.0077518214758865054
328,TFL,D,1,3,5,0.009081380056961689
329,TFL,C,1,7,6,0.04188068848169694
330,TFL,C,1,6,4,0.1125151147607467
331,TFL,A,1,4,9,0.025199695010241448
332,TFL,G,1,6,6,0.04236609117554248
333,TFL,C,1,2,10,0.0328847637690304
334,TFL,G,1,2,5,0.013809893700053786
335,TFL,H,1,2,1,0.02034384186997441
336,XTRFL,B,1,3,9,0.04477501347547603
337,TFL,F,1,9,3,7.186008699151712e-05
338,TFL,D,1,2,5,0.013828543750864272
339,TFL,B,1,6,8,0.054109546676501634
340,TFL,D,1,7,9,0.04742873404460912
341,XTRFL,C,1,2,7,0.02429498999856253
342,TFL,B,1,5,11,0.02490408024824377
343,TFL,D,1,8,9,0.033898893546020964
344,XTRFL,A,1,2,2,0.0347587753937445
345,TFL,C,1,9,6,0.009884821411320145
346,TFL,B,1,2,11,0.001148065627218278
347,TFL,F,1,9,9,0.015391195679509253
348,XTRFL,C,1,9,5,0.03543626300942448
349,TFL,C,1,2,3,0.0029989382741927206
350,TFL,F,1,5,5,0.012041328691864639
351,TFL,A,1,8,9,0.044258604263402515
352,TFL,F,1,6,11,0.02690353913573563
353,XTRFL,B,1,6,7,0.07690693088530876
354,TFL,D,1,2,4,0.02550947928490752
355,TFL,H,1,2,11,0.0016706709098837996
356,TFL,C,1,5,4,0.006506896569192499
357,TFL,G,1,6,2,0.06934654901465177
358,TFL,E,1,6,8,0.028790343950008904
359,XTRFL,C,1,5,9,0.026111926620227374
360,XTRFL,A,1,4,2,0.02740708194338332
361,TFL,G,1,1,5,0.0
362,XTRFL,B,1,9,9,0.02776589239056005
363,TFL,H,1,1,1,0.006164440595171349
364,XTRFL,B,1,2,12,0.04306999439823491
365,TFL,C,1,7,1,0.01383532405754222
366,TFL,E,1,6,11,0.05215057296556936
367,XTRFL,B,1,8,9,0.015524469405374459
368,XTRFL,A,1,5,11,0.028692863651838617
369,TFL,H,1,4,3,1.169095026693155e-05
370,TFL,E,1,3,3,0.031110391451751443
371,TFL,D,1,5,7,0.041550653718713006
372,TFL,D,1,1,9,0.0
373,TFL,E,1,3,4,0.03523304014185563
374,XTRFL,A,1,6,12,0.02232491943486154
375,TFL,A,1,5,2,0.011090373781318342
376,TFL,A,1,6,4,0.019720709812957718
377,TFL,A,1,6,12,0.005301605883265048
378,TFL,E,1,6,7,0.022952261026709036
379,TFL,F,1,4,12,0.018146302273280204
380,TFL,C,1,9,1,0.006660699606348121
381,TFL,B,1,6,9,0.009563871822081267
382,TFL,H,1,2,9,0.042095516179906804
383,TFL,E,1,3,7,0.0037745379455290905
384,XTRFL,B,1,1,2,0.004566379247097144
385,TFL,D,1,6,1,0.030249820596934405
386,TFL,D,1,1,12,0.0
387,TFL,D,1,4,6,0.005719263715306013
388,TFL,G,1,3,4,0.013292193813858082
389,TFL,C,1,6,9,0.040504978690272565
390,TFL,B,1,7,12,0.01181572639568056
391,TFL,D,1,2,2,0.005655934596236865
392,TFL,C,1,7,2,0.01576220644182689
393,TFL,B,1,9,2,0.006671802904388791
394,TFL,D,1,6,3,0.027581973025428832
395,TFL,G,1,3,3,0.02060290709082792
396,TFL,D,1,6,11,0.0217925674983013
397,TFL,E,1,3,9,0.019468908279256767
398,TFL,A,1,9,5,0.0020842660520541574
399,TFL,D,1,7,11,0.051653783526680555
400,TFL,F,1,7,6,0.02179230088279602
401,TFL,B,1,4,2,0.0018070870322849136
402,TFL,F,1,4,10,0.011679611506816292
403,TFL,D,1,9,8,0.029114202016469425
404,XTRFL,C,1,8,12,0.03731986380774905
405,XTRFL,C,1,8,6,0.032530427029025075
406,TFL,D,1,4,7,0.0018392475545760752
407,TFL,B,1,1,12,0.0
408,TFL,E,1,4,10,0.0326570284656129
409,XTRFL,B,1,1,11,3.2433810466192135e-06
410,TFL,B,1,9,12,0.0517027083678988
411,TFL,F,1,9,2,0.0028209305916874826
412,XTRFL,A,1,5,7,0.020679117076852778
413,TFL,F,1,1,9,0.0
414,TFL,A,1,6,3,0.014029279275160069
415,TFL,A,1,8,6,0.0304615540593304
416,XTRFL,C,1,3,3,0.03511725455515455
417,TFL,C,1,1,1,0.009628782474824358
418,XTRFL,A,1,3,2,0.009060564530393002
419,TFL,B,1,1,4,0.0039855614465248105
420,TFL,E,1,1,1,0.012379879879335648
421,TFL,C,1,5,9,0.020556224818328913
422,TFL,F,1,5,6,0.023186268525879704
423,TFL,H,1,2,12,0.0026004387144943266
424,TFL,F,1,9,11,0.012179649330119757
425,XTRFL,C,1,3,6,0.023051936998756555
426,XTRFL,B,1,5,5,0.03246830861075785
427,XTRFL,C,1,6,8,0.04857122541036263
428,TFL,F,1,2,2,0.06199992034479547
429,TFL,A,1,1,3,0.0008130872040349792
430,TFL,F,1,3,9,0.027703985460981618
431,TFL,H,1,3,6,0.0017903452919852678
432,TFL,C,1,5,2,0.009603532277340855
433,XTRFL,C,1,4,1,0.05216752796110096
434,XTRFL,A,1,6,9,0.04182592873938759
435,TFL,D,1,8,8,0.0031370650920382152
436,TFL,C,1,8,10,0.022465364444359537
437,XTRFL,C,1,6,10,0.02729023310966798
438,TFL,B,1,8,1,0.010662841754938455
439,TFL,A,1,4,6,0.040278930620280054
440,TFL,F,1,7,11,0.009060903333320654
441,TFL,D,1,3,8,0.004853811902649615
442,TFL,E,1,3,8,0.003418560939954749
443,TFL,G,1,7,6,5.448927386883678e-06
444,TFL,B,1,4,6,0.009914251520758845
445,TFL,B,1,1,1,0.012853777043877801
446,TFL,B,1,9,8,0.041943353642747025
447,TFL,G,1,6,5,0.038655689158091484
448,XTRFL,A,1,6,11,0.040703012297602995
449,TFL,E,1,7,4,0.027948487985659236
450,XTRFL,C,1,4,3,0.027551836015076617
451,TFL,D,1,7,3,0.03954907469283363
452,XTRFL,B,1,9,10,0.02874401894843929
453,TFL,G,1,7,3,0.0
454,XTRFL,C,1,3,9,0.06470523893630363
455,TFL,A,1,8,4,0.0026343002768174943
456,TFL,C,1,4,12,0.026248829661929485
457,TFL,C,1,8,11,0.028225019244966242
458,TFL,A,1,2,5,0.04803479724776438
459,TFL,D,1,8,7,0.004158578238185526
460,XTRFL,C,1,8,9,0.03927595256301076
461,TFL,E,1,8,8,0.04170511915652997
462,TFL,A,1,4,7,0.02660950951991498
463,TFL,H,1,1,3,0.03773587786572464
464,XTRFL,B,1,3,5,0.02692819997414725
465,TFL,H,1,3,1,0.013302145358609312
466,XTRFL,B,1,2,2,0.02874041853547026
467,TFL,A,1,5,11,0.003253875455921524
468,TFL,D,1,2,8,0.022779595567066768
469,XTRFL,B,1,2,11,0.04081469373130572
470,TFL,G,1,4,5,0.0026575621182818162
471,TFL,F,1,5,12,0.023585835541969805
472,TFL,D,1,1,3,0.001151191526996245
473,TFL,F,1,5,2,0.031077844688709094
474,TFL,C,1,4,6,0.03364230316645159
475,TFL,D,1,9,4,0.02188438820136901
476,TFL,F,1,4,8,0.02316423963150891
477,TFL,E,1,5,3,0.01299652696905777
478,XTRFL,A,1,2,9,0.031644217416018694
479,TFL,F,1,1,11,0.0
480,XTRFL,A,1,9,10,0.058942660249642495
481,TFL,E,1,9,3,0.0079016014926078
482,TFL,E,1,4,3,0.02334062188085369
483,XTRFL,C,1,6,2,0.01749276077503475
484,TFL,E,1,1,3,0.00620580144529448
485,TFL,H,1,4,10,0.0
486,TFL,D,1,4,4,0.01267364429316572
487,TFL,F,1,5,7,0.007125615839499649
488,TFL,B,1,9,9,0.034142486576076964
489,XTRFL,A,1,7,9,0.014048461129085445
490,XTRFL,A,1,7,8,0.023330311484987525
491,XTRFL,C,1,6,6,0.022787299041109096
492,TFL,C,1,9,3,0.049511761661535314
493,TFL,E,1,3,12,0.007706019386360609
494,TFL,F,1,1,6,0.0
495,TFL,A,1,2,4,0.001678140120881872
496,XTRFL,C,1,9,11,0.023198032837893907
497,TFL,F,1,7,2,0.014961262876552844
498,XTRFL,A,1,7,11,0.017936870308755862
499,XTRFL,C,1,4,10,0.024201704196275965
500,TFL,B,1,3,6,0.019041221638124786
501,XTRFL,B,1,3,8,0.015044884346304396
502,TFL,B,1,9,11,0.025475654038510813
503,XTRFL,C,1,1,4,0.003936337321221483
504,TFL,B,1,3,9,0.0020097437500571913
505,XTRFL,B,1,8,11,0.02662773694466686
506,TFL,F,1,3,5,0.06464395143326472
507,TFL,C,1,1,2,0.011120149623474814
508,TFL,B,1,6,11,0.0036615279907890397
509,TFL,G,1,1,11,0.0
510,TFL,A,1,5,9,0.03838891243111856
511,TFL,D,1,6,12,0.01351986486622445
512,TFL,F,1,2,9,0.0017587004746040856
513,TFL,E,1,3,10,0.0322447679142988
514,TFL,C,1,4,5,0.043695485096111056
515,TFL,C,1,5,1,0.008995380083330342
516,XTRFL,A,1,9,5,0.04580960781391265
517,XTRFL,C,1,4,4,0.032634805691790204
518,TFL,F,1,4,6,0.05835674348640497
519,XTRFL,A,1,9,3,0.038502239951264575
520,TFL,E,1,7,2,0.03178193119505009
521,TFL,H,1,4,5,2.997716189918062e-05
522,TFL,F,1,3,6,0.07134937744812969
523,XTRFL,C,1,5,11,0.03465197397250396
524,TFL,C,1,6,6,0.012552270229034797
525,TFL,E,1,9,2,0.03720538695559462
526,TFL,A,1,4,10,0.027110251511865555
527,TFL,G,1,3,12,0.0034007737211236505
528,TFL,F,1,6,2,0.000816032068091787
529,XTRFL,A,1,1,12,0.0
530,TFL,D,1,6,7,0.0320036588904896
531,XTRFL,A,1,6,10,0.038542067407053855
532,XTRFL,C,1,2,3,0.053769735419225556
533,XTRFL,A,1,4,8,0.03414528211701458
534,TFL,G,1,5,4,0.039763338523171224
535,XTRFL,B,1,7,10,0.03390092985543762
536,XTRFL,B,1,1,12,0.0
537,TFL,G,1,2,2,0.025007858292274844
538,TFL,B,1,8,12,0.01962390318447735
539,XTRFL,C,1,8,4,0.021429989288523098
540,TFL,A,1,7,9,0.002991896094534288
541,TFL,E,1,4,4,0.027428553702291053
542,TFL,B,1,8,11,0.015895624255487493
543,TFL,C,1,3,8,0.0540004329050565
544,TFL,D,1,1,5,0.0
545,TFL,D,1,4,5,0.0073247503315078235
546,TFL,F,1,6,4,0.02582283737712884
547,TFL,G,1,3,8,0.01970118404123197
548,XTRFL,A,1,8,6,0.04267194953796654
549,TFL,G,1,4,10,0.07362825426921288
550,TFL,A,1,9,9,0.004851736673760802
551,TFL,B,1,3,1,0.03385970407636919
552,TFL,B,1,8,3,0.0034668072133919488
553,XTRFL,A,1,8,2,0.013271685446262076
554,XTRFL,C,1,7,4,0.04510058321462115
555,TFL,A,1,1,6,0.0
556,XTRFL,C,1,3,5,0.027787652527566844
557,TFL,A,1,1,5,1.51791847884136e-05
558,XTRFL,C,1,3,1,0.046549161986626446
559,TFL,G,1,4,2,0.030838628403895597
560,XTRFL,B,1,4,9,0.027236911217977788
561,XTRFL,C,1,8,8,0.07907708811916686
562,XTRFL,C,1,7,6,0.025238547580264534
563,TFL,G,1,4,8,0.001885756493337947
564,XTRFL,B,1,9,1,0.03329881387476325
565,XTRFL,C,1,2,12,0.031120266014249335
566,XTRFL,A,1,6,5,0.05661827219723182
567,TFL,C,1,5,7,0.05390934461318628
568,XTRFL,C,1,6,11,0.019233896425932404
569,TFL,F,1,6,12,0.024342403632912228
570,XTRFL,B,1,8,6,0.0325700584521293
571,XTRFL,B,1,8,10,0.020230930654309538
572,TFL,A,1,6,9,0.017366822758755656
573,TFL,E,1,2,12,0.050830302171950954
574,XTRFL,A,1,4,11,0.02941256358711694
575,TFL,A,1,2,8,0.012245627161704586
576,TFL,C,1,9,4,0.03832749151897258
577,TFL,E,1,6,10,0.06075211786987542
578,XTRFL,A,1,2,4,0.009503249981124338
579,TFL,B,1,2,9,0.01192494705048513
580,XTRFL,C,1,4,9,0.014888762420444238
581,XTRFL,C,1,4,7,0.04073681654231884
582,TFL,E,1,2,3,0.06833954468984682
583,TFL,A,1,5,6,0.01986725505234292
584,TFL,B,1,7,8,0.03790227312651492
585,TFL,E,1,3,1,0.011457992363903009
586,TFL,A,1,9,6,0.001295230696667984
587,XTRFL,C,1,5,4,0.022270526241368008
588,XTRFL,B,1,1,9,0.0
589,TFL,F,1,7,10,0.006397357666880535
590,XTRFL,B,1,5,10,0.02269247203418101
591,XTRFL,B,1,1,2,0.007631248123992941
592,TFL,C,1,7,7,0.07576608786297734
593,XTRFL,B,1,6,5,0.020634907945980628
594,XTRFL,B,1,1,3,0.0008691980208870165
595,TFL,C,1,8,4,0.03496786826823204
596,TFL,C,1,6,2,0.07310533214369393
597,XTRFL,A,1,5,8,0.02634730404972707
598,TFL,E,1,3,11,0.007492978141129402
599,XTRFL,B,1,2,6,0.0326558724312167
600,TFL,F,1,3,1,0.04179286194323614
601,TFL,C,1,3,1,0.00841994170841164
602,TFL,F,1,7,4,0.027561717396545844
603,TFL,E,1,2,5,0.013661265892059132
604,TFL,B,1,5,3,0.05102534701060221
605,TFL,H,1,3,10,0.01107332388136807
606,XTRFL,C,1,9,9,0.014926131933783872
607,XTRFL,B,1,4,4,0.028551183315911006
608,TFL,F,1,6,3,0.02470953685982024
609,TFL,A,1,8,12,0.05236836905762118
610,XTRFL,A,1,8,4,0.041897819872453286
611,XTRFL,B,1,9,3,0.0297780074068546
612,TFL,G,1,6,3,0.056483031750688355
613,TFL,G,1,2,4,0.030678600841317336
614,XTRFL,A,1,1,5,0.0
615,XTRFL,C,1,7,8,0.0255953729421584
616,TFL,H,1,3,7,0.037158594168687324
617,XTRFL,C,1,9,4,0.021770621153404737
618,XTRFL,A,1,9,4,0.03234968604678676
619,XTRFL,B,1,1,6,0.0
620,TFL,C,1,3,4,0.05764965434376575
621,TFL,A,1,6,6,0.054453373362009214
622,TFL,G,1,5,5,0.02149315279100764
623,TFL,F,1,6,10,0.05022015065650966
624,TFL,D,1,8,2,0.00904270569254346
625,TFL,E,1,5,4,0.014314276226695994
626,XTRFL,B,1,6,8,0.12056245380397651
627,TFL,C,1,2,2,0.02240919906394523
628,TFL,A,1,5,12,0.002301145621154912
629,TFL,G,1,4,1,0.03141191139820728
630,TFL,A,1,8,3,0.0032462078137080524
631,XTRFL,C,1,5,12,0.04039089555050901
632,TFL,G,1,6,4,0.058245409938085406
633,TFL,F,1,2,8,0.04086157965840333
634,XTRFL,C,1,7,9,0.05047439124143221
635,XTRFL,A,1,7,1,0.021394268173415696
636,TFL,A,1,2,11,0.0399245300831588
637,TFL,F,1,1,8,0.0
638,TFL,F,1,7,7,0.021668677861019364
639,TFL,H,1,1,7,0.0
640,TFL,E,1,2,9,0.01386195778663588
641,TFL,F,1,1,12,0.0
642,TFL,D,1,6,9,0.0006699169259703438
643,TFL,C,1,6,10,0.01945216572892882
644,XTRFL,B,1,7,3,0.026209038144299764
645,XTRFL,A,1,7,3,0.05797823653699098
646,XTRFL,A,1,6,3,0.04802047490543149
647,TFL,E,1,8,12,0.012768976027243474
648,TFL,D,1,3,2,0.0027164200628097064
649,TFL,B,1,3,10,0.003485678410080619
650,XTRFL,B,1,7,5,0.027382617508066222
651,TFL,A,1,8,5,0.01463874633296527
652,TFL,D,1,9,5,0.00930123432906482
653,XTRFL,B,1,9,8,0.027794756419159416
654,XTRFL,A,1,2,7,0.022976264504392052
655,TFL,H,1,4,7,0.0
656,TFL,F,1,9,1,0.0027638328901148997
657,TFL,A,1,2,9,0.021074119695043452
658,XTRFL,A,1,2,6,0.0169632227136786
659,XTRFL,A,1,2,8,0.019697897182487874
660,TFL,B,1,3,12,0.0211668487175013
661,XTRFL,C,1,6,9,0.02041081040286052
662,TFL,F,1,6,5,0.015440576920021069
663,TFL,E,1,5,6,0.03649869450642956
664,TFL,A,1,5,3,0.0036079486233505987
665,TFL,D,1,9,10,0.010390819200620922
666,TFL,A,1,3,9,0.04263740439323938
667,TFL,G,1,6,7,0.0014099942883840368
668,TFL,B,1,6,6,0.03796040097166827
669,XTRFL,A,1,3,7,0.025062286006262823
670,TFL,B,1,9,3,0.006051862866951041
671,TFL,F,1,3,12,0.03100665040743236
672,TFL,D,1,3,7,0.00257352048927535
673,XTRFL,C,1,7,11,0.03195422796344063
674,TFL,B,1,4,11,0.023061032590992854
675,TFL,B,1,3,7,0.00544375711710161
676,TFL,G,1,5,11,0.05112529402344929
677,TFL,A,1,3,1,0.018020482691358926
678,TFL,B,1,5,4,0.04359380667322975
679,TFL,E,1,9,4,0.009762168710094494
680,TFL,A,1,4,8,0.030193319986920632
681,TFL,F,1,7,8,0.019837539331481673
682,TFL,B,1,5,12,0.027049757720963345
683,TFL,D,1,9,6,0.008014473154542325
684,TFL,C,1,7,9,0.02102305408770263
685,TFL,D,1,8,6,0.015382969390443122
686,TFL,G,1,7,10,0.0007093034184905147
687,TFL,C,1,2,8,0.009282302726290171
688,TFL,B,1,8,2,0.009728252049632412
689,TFL,E,1,2,10,0.013099695779313868
690,TFL,G,1,4,7,0.0023077826515951133
691,TFL,F,1,8,5,0.0006512778487523023
692,TFL,C,1,7,12,0.00283222907649766
693,TFL,F,1,1,3,0.009177862567724623
694,TFL,F,1,6,1,0.00041544668216856267
695,XTRFL,A,1,6,2,0.01855110401888558
696,TFL,E,1,5,9,0.013543034709752681
697,XTRFL,B,1,7,2,0.039352284769913176
698,TFL,C,1,3,10,0.003689194920529348
699,XTRFL,B,1,5,3,0.04916059856051097
700,TFL,G,1,4,11,0.08816355813820416
701,XTRFL,B,1,2,3,0.029897252538333377
702,TFL,B,1,6,3,0.003311725423066531
703,XTRFL,B,1,8,2,0.036614297958448644
704,XTRFL,C,1,2,8,0.01957120515587841
705,XTRFL,B,1,8,7,0.005059510554505328
706,TFL,F,1,5,1,0.03273449734476437
707,TFL,D,1,9,12,0.041392783460412856
708,TFL,D,1,7,12,0.018437765259774964
709,TFL,C,1,1,12,4.67049613007614e-06
710,TFL,C,1,2,4,0.0023828267729638594
711,TFL,H,1,2,8,0.009469992248276698
712,TFL,H,1,1,8,0.0
713,TFL,C,1,8,1,0.009537276989982755
714,XTRFL,A,1,3,9,0.015849018623702707
715,TFL,C,1,5,5,0.020117150833928375
716,XTRFL,B,1,3,2,0.01350556665818951
717,TFL,E,1,1,10,0.0
718,XTRFL,B,1,8,12,0.02995560464036598
719,TFL,C,1,7,3,0.015305259518578796
720,XTRFL,B,1,7,9,0.03394265623476691
721,TFL,B,1,8,4,0.0035673937673794008
722,TFL,F,1,3,11,0.022318199432394152
723,XTRFL,B,1,8,1,0.02856918580463278
724,XTRFL,B,1,5,9,0.009388574852191084
725,TFL,D,1,6,8,0.04134512246596455
726,XTRFL,A,1,9,9,0.04134781360427061
727,TFL,E,1,7,8,0.04252079853124626
728,XTRFL,C,1,8,10,0.033904614113153125
729,XTRFL,C,1,5,1,0.03191693376338477
730,TFL,G,1,3,11,0.006065929305896748
731,XTRFL,B,1,5,12,0.04174881309360595
732,TFL,G,1,7,2,0.0
733,XTRFL,A,1,4,10,0.026783365727277315
734,TFL,E,1,8,9,0.02433347834934924
735,XTRFL,A,1,3,12,0.02680732187121695
736,TFL,A,1,9,1,0.007367401926660055
737,TFL,C,1,4,8,0.0005244753394197235
738,TFL,C,1,3,5,0.004132328844196532
739,TFL,F,1,4,5,0.05827862955550082
740,TFL,F,1,4,1,0.02104812642690093
741,TFL,C,1,6,8,0.018892404954912595
742,TFL,B,1,2,12,0.00045557626554265207
743,TFL,E,1,5,10,0.024656939487739876
744,XTRFL,B,1,2,5,0.01972608333319124
745,XTRFL,C,1,8,5,0.03927266379859587
746,TFL,E,1,7,11,0.04570504795575848
747,TFL,C,1,7,4,0.016487596499547647
748,TFL,D,1,5,6,0.022882508303033004
749,TFL,H,1,4,8,5.448995944960489e-06
750,XTRFL,A,1,6,6,0.05307322863029933
751,XTRFL,A,1,7,12,0.01769551316782569
752,TFL,D,1,2,6,0.013581271371096038
753,TFL,C,1,2,1,0.014942418243540131
754,XTRFL,B,1,9,5,0.017619164745175855
755,XTRFL,A,1,6,4,0.04495264068511386
756,TFL,B,1,2,10,0.012995656978589013
757,TFL,A,1,9,11,0.0278365385598702
758,TFL,A,1,7,7,0.018131159888017164
759,TFL,G,1,2,9,0.007959077570381017
760,TFL,A,1,7,4,0.02935322817088089
761,TFL,F,1,1,10,0.0
762,XTRFL,A,1,3,3,0.03337419651631681
763,XTRFL,A,1,1,7,0.0
764,TFL,D,1,8,1,0.008601353274961329
765,TFL,G,1,5,12,0.04567390584145601
766,TFL,E,1,8,11,0.014320940751742905
767,TFL,E,1,9,11,0.014106170378838993
768,XTRFL,A,1,8,11,0.021611892976955885
769,TFL,C,1,2,12,0.03668744926800437
770,TFL,A,1,5,1,0.01624058222832184
771,XTRFL,B,1,5,4,0.0681910349364937
772,TFL,D,1,2,7,0.02742052761326354
773,XTRFL,B,1,9,12,0.048056269830731795
774,TFL,F,1,4,9,0.006934493486170618
775,TFL,C,1,4,10,0.00404297299012032
776,XTRFL,B,1,8,4,0.033751082683357164
777,TFL,E,1,6,6,0.006134796345426784
778,TFL,B,1,1,8,0.0
779,XTRFL,C,1,4,5,0.02040698659274169
780,TFL,D,1,9,2,0.0027593438453460384
781,TFL,E,1,4,7,0.028280367288222717
782,TFL,C,1,3,2,0.01094474539405305
783,TFL,B,1,3,4,0.009628364479385103
784,TFL,E,1,9,1,0.037245992752682415
785,TFL,E,1,8,10,0.029550091353975547
786,XTRFL,A,1,3,8,0.019271021777231178
787,XTRFL,A,1,8,5,0.02431822897320159
788,XTRFL,A,1,7,2,0.027180438557995908
789,TFL,D,1,9,7,0.0274666177698567
790,XTRFL,B,1,5,8,0.007931728224851418
791,TFL,G,1,2,3,0.035411221583403055
792,TFL,A,1,2,2,0.04699992122419097
793,TFL,G,1,5,7,0.03537588909730855
794,TFL,G,1,5,8,0.04088641963141376
795,XTRFL,C,1,9,10,0.011823549500483182
796,TFL,D,1,7,5,0.011015988782431754
797,XTRFL,A,1,8,1,0.02851120883465281
798,TFL,E,1,6,3,0.00908519222101771
799,TFL,B,1,3,2,0.032695883963005094
800,TFL,D,1,3,1,0.001775031663613546
801,TFL,F,1,8,1,0.013480675191446426
802,TFL,F,1,9,5,0.009740443676592386
803,XTRFL,B,1,5,11,0.04024084101584472
804,TFL,B,1,4,7,0.001010602420694995
805,TFL,D,1,8,3,0.03137017212366487
806,TFL,H,1,4,11,0.0
807,TFL,E,1,1,4,0.006367074314074819
808,TFL,A,1,1,8,0.0
809,TFL,F,1,5,8,0.008001957695972436
810,TFL,F,1,9,10,0.014663844672185886
811,XTRFL,B,1,6,2,0.01645291133023344
812,XTRFL,A,1,8,3,0.03657080114586123
813,TFL,B,1,3,5,0.02600636253594166
814,TFL,B,1,9,4,0.00855620359397926
815,XTRFL,B,1,1,1,0.007673546824059916
816,TFL,D,1,2,3,0.004564001829997494
817,TFL,C,1,4,3,0.015762404130949623
818,TFL,D,1,2,1,0.0054477611752021355
819,TFL,B,1,1,11,4.6705418354606816e-06
820,TFL,A,1,2,6,0.04539931086978059
821,TFL,D,1,6,6,0.0224508977184203
822,TFL,A,1,4,2,0.01817361712853491
823,XTRFL,A,1,9,6,0.04957639320342073
824,TFL,C,1,1,4,0.0011860268754337417
825,XTRFL,C,1,6,4,0.0072192049780356714
826,TFL,A,1,2,10,0.02425286516052859
827,TFL,C,1,1,7,6.926383221439929e-05
828,TFL,A,1,9,4,0.036129920097115846
829,XTRFL,C,1,1,5,0.0
830,TFL,A,1,1,9,0.0
831,XTRFL,C,1,8,7,0.07463051345139271
832,TFL,E,1,5,1,0.019690652401116168
833,TFL,F,1,3,4,0.09439179470257313
834,TFL,A,1,7,8,0.02168858604549174
835,XTRFL,A,1,8,8,0.042947048868697504
836,TFL,H,1,3,11,0.022464550728574513
837,TFL,B,1,1,2,0.012240086984560288
838,XTRFL,B,1,6,4,0.015529864520707934
839,TFL,D,1,9,1,0.002219103903301178
840,TFL,A,1,2,12,0.04404679253571242
841,TFL,C,1,8,3,0.00592296476809519
842,TFL,E,1,2,4,0.08740295446387132
843,TFL,G,1,3,1,0.008271172583896246
844,XTRFL,B,1,3,10,0.0388072148950423
845,XTRFL,C,1,8,11,0.036730083233075236
846,TFL,G,1,3,7,0.020119751964826172
847,TFL,D,1,4,10,0.028240564105011252
848,TFL,A,1,8,8,0.0033220401700670126
849,TFL,D,1,4,1,0.008506089286831796
850,TFL,H,1,4,9,2.7270047175578397e-05
851,TFL,A,1,7,6,0.027848876448582596
852,TFL,H,1,4,2,0.0058364231703910635
853,TFL,B,1,6,4,0.00336616234866389
854,TFL,A,1,6,8,0.0029034276978965154
855,TFL,A,1,7,12,0.027442665559743548
856,TFL,A,1,5,7,0.003104465044476349
857,TFL,B,1,4,12,0.042177259387294025
858,TFL,B,1,4,5,0.007848061381285345
859,XTRFL,A,1,6,8,0.05550984152537462
860,TFL,E,1,7,6,0.0077026442218681886
861,TFL,G,1,2,10,0.011777962504321837
862,XTRFL,A,1,4,5,0.029659553056381852
863,TFL,D,1,9,9,0.0062657030970641
864,TFL,E,1,6,5,0.0029979301114193674
865,TFL,B,1,9,10,0.0299045774850148
866,TFL,D,1,6,10,0.002069189454724779
867,TFL,G,1,4,4,0.00529117623485197
868,XTRFL,B,1,9,6,0.016317005426999282
869,TFL,D,1,5,4,0.04502753275031658
870,TFL,E,1,4,5,0.03801537337438042
871,TFL,A,1,7,3,0.020719300933355146
872,TFL,F,1,4,2,0.013356570287243028
873,TFL,F,1,5,4,0.00405493492345311
874,TFL,E,1,4,12,0.027515512843260075
875,TFL,F,1,5,9,0.01128973202216271
876,XTRFL,C,1,8,2,0.036484953042193596
877,TFL,F,1,8,12,0.02252648565064772
878,XTRFL,C,1,2,10,0.04798800451627931
879,TFL,H,1,3,8,0.035237642766106664
880,XTRFL,C,1,2,2,0.04313221756024748
881,TFL,F,1,5,11,0.03811117110141087
882,XTRFL,C,1,1,10,4.682196594018086e-06
883,XTRFL,A,1,1,3,0.0002994163905548368
884,TFL,G,1,2,7,0.016423473200698185
885,XTRFL,C,1,1,9,0.0
886,XTRFL,A,1,5,1,0.022307563576431835
887,TFL,D,1,5,2,0.03928359217400067
888,XTRFL,B,1,3,3,0.013680690287061086
889,TFL,C,1,6,3,0.09783769145396083
890,TFL,F,1,6,6,0.01050163323111855
891,TFL,E,1,1,8,0.0
892,XTRFL,A,1,4,1,0.040723919017872395
893,XTRFL,B,1,4,7,0.04120662264306006
894,XTRFL,C,1,4,6,0.04406016171885545
895,TFL,C,1,9,11,0.02946161316023384
896,TFL,G,1,2,1,0.022102998837503766
897,TFL,G,1,6,12,0.05070873598016442
898,TFL,C,1,1,5,0.0
899,TFL,H,1,4,4,0.0
900,TFL,D,1,5,12,0.010292236084137743
901,XTRFL,B,1,4,2,0.02127769437553496
902,XTRFL,A,1,9,8,0.028988088377998177
903,TFL,C,1,1,6,2.5382160788392175e-05
904,XTRFL,B,1,7,4,0.025262239164666706
905,TFL,E,1,9,9,0.010047706694851328
906,TFL,C,1,9,10,0.002813370737584675
907,XTRFL,B,1,5,6,0.019265168958598644
908,TFL,B,1,8,5,0.0309013946527631
909,XTRFL,B,1,5,2,0.019237157770825287
910,TFL,F,1,6,8,0.02554591952798805
911,TFL,G,1,7,11,0.05535273560442095
912,TFL,B,1,2,4,0.008363715884138478
913,TFL,H,1,2,10,0.04324997284359174
914,TFL,B,1,6,7,0.036823146581192
915,TFL,G,1,1,10,9.891644053270245e-06
916,TFL,G,1,5,10,0.006723875594451667
917,TFL,E,1,1,5,0.018546798122325327
918,TFL,F,1,9,7,0.02823120476427043
919,TFL,B,1,1,5,0.0
920,TFL,D,1,4,9,0.025881059765377166
921,XTRFL,A,1,6,1,0.023203061563558152
922,TFL,E,1,6,1,0.02806229032906131
923,TFL,E,1,8,6,0.00029831425476859586
924,XTRFL,A,1,4,4,9.366972776242202e-05
925,TFL,C,1,7,5,0.041696232580835595
926,TFL,A,1,8,10,0.03422885383699901
927,TFL,D,1,2,12,0.04635424902128479
928,TFL,B,1,4,3,0.025500580968765143
929,XTRFL,B,1,2,10,0.03950193743287296
930,XTRFL,B,1,8,5,0.02489819309835433
931,TFL,E,1,7,1,0.034554902559135556
932,TFL,B,1,5,6,0.0024069792692168503
933,TFL,B,1,1,7,0.0
934,XTRFL,A,1,9,11,0.07316305849888394
935,TFL,D,1,1,6,0.0
936,TFL,C,1,9,2,0.012926005542065957
937,XTRFL,B,1,2,4,0.04885273196320246
938,TFL,D,1,6,2,0.04360742621536418
939,TFL,C,1,1,11,0.0
940,TFL,A,1,8,11,0.057222124207590756
941,TFL,A,1,3,8,0.12500028799427595
942,TFL,A,1,9,8,0.034906337464164
943,TFL,F,1,6,7,0.013476346018850493
944,TFL,A,1,3,12,0.0020534148872892828
945,TFL,E,1,9,5,0.003401810905607239
946,TFL,G,1,7,9,0.0
947,XTRFL,C,1,1,12,4.0431817213189066e-05
948,TFL,A,1,3,2,0.017565177920932214
949,TFL,A,1,1,10,3.2433810466192135e-06
950,XTRFL,A,1,5,5,0.02665279005208392
951,TFL,G,1,1,7,0.0
952,TFL,A,1,7,10,0.0012891529597944512
953,TFL,F,1,4,11,0.015568627237299444
954,TFL,C,1,6,7,0.020813304313550128
955,XTRFL,B,1,6,3,0.010713933330987661
956,TFL,D,1,1,1,0.001974863545837049
957,TFL,A,1,6,2,0.026683053238839478
958,XTRFL,C,1,1,8,0.0
959,TFL,F,1,1,7,3.892049638438601e-06
960,TFL,D,1,3,3,0.0008592473270699225
961,TFL,F,1,4,4,0.03806917064980122
962,TFL,B,1,8,8,0.011584490396871648
963,XTRFL,C,1,5,6,0.012919696287030515
964,TFL,C,1,7,8,0.06092461408616683
965,TFL,B,1,8,10,0.011286318405669673
966,TFL,A,1,9,3,0.038604603040895226
967,TFL,C,1,9,7,0.013836354791420298
968,TFL,A,1,7,5,0.031492634157110205
969,TFL,G,1,1,9,0.0
970,TFL,C,1,3,3,0.032552592085839493
971,XTRFL,C,1,1,3,0.0017056225797987287
972,XTRFL,C,1,3,7,0.04380382562027592
973,TFL,C,1,5,8,0.054553170279062924
974,TFL,A,1,1,2,0.014242861380973975
975,XTRFL,B,1,2,1,0.02371813267747417
976,TFL,G,1,2,6,0.0199897084318732
977,XTRFL,A,1,2,5,0.021663611699590968
978,XTRFL,C,1,6,3,0.007126639823063251
979,XTRFL,C,1,1,11,0.0
980,TFL,D,1,1,7,0.0
981,TFL,F,1,4,7,0.015581387339008344
982,XTRFL,A,1,5,10,0.05183098245705811
983,TFL,D,1,4,8,0.001594105476304084
984,XTRFL,B,1,7,11,0.03473475411633317
985,XTRFL,C,1,3,11,0.01770634255811562
986,TFL,A,1,4,1,0.010630534096835337
987,XTRFL,C,1,2,9,0.03619143676887488
988,TFL,E,1,3,2,0.006941591067214895
989,TFL,F,1,3,2,0.03109222093075793
990,TFL,F,1,7,1,0.016706040356181277
991,TFL,G,1,5,3,0.03580889316183401
992,XTRFL,A,1,4,3,0.0013314782696021096
993,TFL,F,1,9,12,0.021515460764040786
994,TFL,A,1,9,7,0.042339712684397325
995,TFL,D,1,6,4,0.03786393788383776
996,TFL,A,1,3,7,0.10507873471563316
997,XTRFL,A,1,8,7,0.05455759354171775
998,XTRFL,C,1,7,2,0.012689713189522108
999,TFL,E,1,1,11,0.0
1000,TFL,B,1,2,2,0.019439054826430397
1001,XTRFL,A,1,7,6,0.005359286679489953
1002,TFL,H,1,2,4,0.007389705245073622
1003,TFL,C,1,8,5,0.02571841725525741
1004,TFL,E,1,5,2,0.025877482926498895
1005,TFL,E,1,2,2,0.031557564600691174
1006,XTRFL,B,1,2,9,0.043003185273249554
1007,TFL,B,1,4,1,0.006558985757395453
1008,XTRFL,C,1,7,1,0.01835520968105699
1009,XTRFL,A,1,1,8,0.0
1010,TFL,G,1,4,9,0.07029236164516275
1011,TFL,A,1,9,12,0.059886756379131635
1012,TFL,F,1,7,3,0.022997431190679225
1013,TFL,B,1,1,3,0.004696966097095972
1014,XTRFL,A,1,2,10,0.029109939594545615
1015,TFL,D,1,4,2,0.005787114257356434
1016,TFL,E,1,2,6,0.010617194201618798
1017,XTRFL,A,1,3,11,0.027275375821497902
1018,TFL,D,1,3,4,0.0006426184828486459
1019,XTRFL,B,1,4,1,0.012425146286215044
1020,XTRFL,A,1,1,2,0.004867321956468017
1021,TFL,A,1,8,7,0.004613080005941888
1022,TFL,H,1,4,1,0.005525037005432707
1023,TFL,F,1,4,3,0.043186312082266545
1024,TFL,E,1,6,4,0.008163978815499968
1025,TFL,G,1,1,4,0.0019593974594286348
1026,TFL,A,1,6,1,0.028145952686256106
1027,TFL,D,1,7,7,0.0035301249010624342
1028,TFL,B,1,2,7,0.010690154531091832
1029,XTRFL,A,1,2,11,0.00029834618446425323
1030,TFL,G,1,3,10,0.018144533433693846
1031,XTRFL,B,1,5,7,0.014858154169885045
1032,XTRFL,B,1,6,12,0.06318145910812387
1033,TFL,F,1,6,9,0.061722039002915265
1034,XTRFL,B,1,7,8,0.009094657564224734
1035,XTRFL,C,1,7,3,0.03636406291322292
1036,TFL,F,1,1,2,0.006735663839253664
1037,TFL,C,1,9,12,0.025032826121598635
1038,TFL,E,1,8,7,0.03751166870684806
1039,TFL,F,1,5,10,0.016857164707695084
1040,XTRFL,A,1,5,12,0.03940083942968059
1041,TFL,H,1,2,2,0.022129968653653805
1042,XTRFL,B,1,1,10,0.0
1043,TFL,B,1,9,7,0.033719550328777076
1044,XTRFL,C,1,2,6,0.04296257047715709
1045,TFL,D,1,3,10,0.013108460956133427
1046,TFL,G,1,6,1,0.07470715190805072
1047,TFL,B,1,6,1,0.0057985510448094425
1048,XTRFL,A,1,7,7,0.02003302345244118
1049,TFL,F,1,8,2,0.015001849165933924
1050,TFL,G,1,2,11,0.053790454956057915
1051,XTRFL,A,1,3,4,0.038261454630733896
1052,XTRFL,C,1,2,5,0.041885688313522094
1053,TFL,A,1,1,7,1.950959819515903e-05
1054,XTRFL,B,1,1,11,3.2433810466192135e-06
1055,TFL,E,1,6,2,0.029076321523541716
1056,TFL,C,1,8,2,0.029349208643467444
1057,TFL,B,1,7,10,0.003950683471408105
1058,XTRFL,B,1,4,11,0.03499552610711262
1059,TFL,D,1,8,11,0.00507262200052683
1060,XTRFL,C,1,9,6,0.053488067950591196
1061,TFL,B,1,9,5,0.012488555850735581
1062,XTRFL,B,1,1,12,0.0
1063,XTRFL,B,1,6,10,0.047524044234365174
1064,TFL,B,1,7,7,0.03361166312805733
1065,TFL,F,1,8,8,0.015693661345495966
1066,TFL,G,1,5,6,0.030732497414650197
1067,TFL,C,1,2,6,0.04833464857589531
1068,TFL,E,1,7,5,0.013775445614095237
1069,TFL,D,1,7,10,0.06263135214870086
1070,TFL,E,1,6,9,0.0645422056043869
1071,TFL,A,1,1,4,0.00026911958756955503
1072,XTRFL,C,1,2,11,0.0218143599050692
1073,TFL,C,1,7,10,0.017884464412231738
1074,TFL,C,1,1,3,0.0029678067773044187
1075,XTRFL,B,1,1,3,0.0010411453481767906
1076,TFL,A,1,1,11,4.540756317780262e-06
1077,TFL,F,1,2,7,0.029351067920006434
1078,XTRFL,A,1,5,9,0.04297945072962896
1079,TFL,G,1,7,7,0.0
1080,TFL,D,1,7,8,0.0017555503233998063
1081,TFL,H,1,3,12,0.02425757340574555
1082,XTRFL,B,1,6,9,0.05447196492874573
1083,TFL,D,1,4,11,0.02724498271674342
1084,XTRFL,C,1,7,12,0.033244140339921985
1085,XTRFL,B,1,9,2,0.026833183652785964
1086,TFL,C,1,2,7,0.003211733536020223
1087,TFL,F,1,3,7,0.049837535651491974
1088,TFL,F,1,7,5,0.018121985535346722
1089,TFL,D,1,3,9,0.012867955418312085
1090,TFL,B,1,5,1,0.020185846929057675
1091,TFL,D,1,9,11,0.05482563589330615
1092,TFL,B,1,9,6,0.01847282906872464
1093,TFL,F,1,8,6,0.0008272598376534077
1094,TFL,D,1,1,10,0.0
1095,TFL,G,1,4,3,0.0058055844683308966
1096,XTRFL,A,1,8,10,0.07232017358260864
1097,TFL,A,1,5,10,0.03502087586397632
1098,TFL,A,1,8,2,0.0878933769216762
1099,TFL,D,1,8,10,0.03862942730721751
1100,XTRFL,C,1,7,5,0.017087615589240053
1101,TFL,G,1,2,8,0.012328894426730554
1102,TFL,A,1,4,12,0.038386781823482374
1103,XTRFL,C,1,7,7,0.02497622239560075
1104,TFL,H,1,4,6,0.0
1105,TFL,F,1,9,6,0.005553578393630161
1106,TFL,A,1,3,4,0.0023699715588226503
1107,TFL,D,1,7,1,0.0050576687256288526
1108,TFL,E,1,7,3,0.03224490057871698
1109,XTRFL,C,1,9,2,0.027127345022662102
